{
  "speed": 20,
  "fps": 6,
  "kp": 0.1,
  "correct_skip": 1,
  "show_debug": true,
  "show_tl_detect": true,
  "tl_enforce": true,
  "roi": [
    [
      0.28144989339019194,
      0.36467236467236464
    ],
    [
      0.0,
      0.5185185185185185
    ],
    [
      0.015991471215351813,
      0.9857549857549858
    ],
    [
      0.9989339019189766,
      0.9829059829059829
    ],
    [
      0.9978678038379531,
      0.5427350427350427
    ],
    [
      0.755863539445629,
      0.3518518518518518
    ]
  ],
  "white_s_min": 30,
  "white_s_max": 52,
  "white_v_min": 207,
  "white_v_max": 237,
  "hough_threshold": 17,
  "hough_min_len": 35,
  "hough_max_gap": 149,
  "seg_min_len": 142,
  "lane_half_width": 270,
  "single_target_ratio": 0.53,
  "horizontal_slope": 0.22,
  "single_e_clamp": 100,
  "noise_ratio": 2.0,
  "overlay_alpha": 0.4,
  "lane_merge_ratio": 0.5,
  "tl_conf": 0.4,
  "tl_conf_red": 0.6,
  "tl_conf_yellow": 0.1,
  "tl_conf_green": 0.1,
  "tl_iou": 0.45,
  "tl_smooth_win": 1,
  "tl_smooth_hits": 1,
  "tl_min_area_ratio": 0.05
}